{"demonstrations": {"0": {"num_tip_velocities": 20, "start": 0, "end": 19, "tip_positions": [[0.5, 0.23000001907348633, 1.5750000476837158], [0.5, 0.23000001907348633, 1.5250000953674316], [0.5, 0.23000001907348633, 1.4750001430511475], [0.5, 0.23000001907348633, 1.4250001907348633], [0.5, 0.23000001907348633, 1.375000238418579], [0.5, 0.23000001907348633, 1.325000286102295], [0.5, 0.23000001907348633, 1.2750003337860107], [0.5, 0.23000001907348633, 1.2250003814697266], [0.5, 0.23000001907348633, 1.1750004291534424], [0.5, 0.23000001907348633, 1.1250004768371582], [0.5, 0.23000001907348633, 1.075000524520874], [0.5, 0.23000001907348633, 1.0250005722045898], [0.5, 0.23000001907348633, 0.9750005602836609], [0.5, 0.23000001907348633, 0.9250005483627319], [0.5, 0.23000001907348633, 0.875000536441803], [0.5, 0.23000001907348633, 0.825000524520874], [0.5, 0.23000001907348633, 0.7750005125999451], [0.5, 0.23000001907348633, 0.7250005006790161], [0.5, 0.23000001907348633, 0.6750004887580872], [0.5, 0.23000000417232513, 0.6250004768371582]], "crop_pixels": [[319, 240], [319, 240], [319, 240], [319, 240], [319, 240], [319, 240], [319, 240], [319, 240], [319, 240], [319, 240], [319, 240], [319, 240], [319, 240], [319, 239], [319, 239], [319, 239], [319, 239], [319, 239], [319, 239], [320, 240]], "relative_target_positions": [[1.341104507446289e-07, 0.0, 1.0000001192092896], [1.1920928955078125e-07, 0.0, 0.9500002861022949], [1.1920928955078125e-07, 0.0, 0.9000003337860107], [1.1920928955078125e-07, 0.0, 0.850000262260437], [8.940696716308594e-08, 0.0, 0.8000003099441528], [8.940696716308594e-08, 0.0, 0.7500004768371582], [5.960464477539063e-08, 0.0, 0.700000524520874], [5.960464477539063e-08, 0.0, 0.6500004529953003], [5.960464477539063e-08, 0.0, 0.6000005006790161], [4.470348358154297e-08, 0.0, 0.5500005483627319], [4.470348358154297e-08, 0.0, 0.5000005960464478], [4.470348358154297e-08, 0.0, 0.4500006437301636], [4.470348358154297e-08, 0.0, 0.4000006318092346], [4.470348358154297e-08, 5.960464477539063e-08, 0.35000061988830566], [4.470348358154297e-08, 5.960464477539063e-08, 0.3000006079673767], [4.470348358154297e-08, 5.960464477539063e-08, 0.25000059604644775], [2.9802322387695312e-08, 5.960464477539063e-08, 0.2000005841255188], [2.9802322387695312e-08, 5.960464477539063e-08, 0.15000063180923462], [1.4901161193847656e-08, 5.960464477539063e-08, 0.10000050067901611], [0.0, 0.0, 0.050000548362731934]], "relative_target_orientations": [[-3.1415927410125732, -1.5099581673894136e-07, -1.5707963705062866], [-3.1415927410125732, -1.5099581673894136e-07, -1.5707963705062866], [-3.1415927410125732, -1.5099581673894136e-07, -1.5707963705062866], [-3.1415927410125732, -1.5099581673894136e-07, -1.5707963705062866], [-3.1415927410125732, -1.5099581673894136e-07, -1.5707963705062866], [-3.1415927410125732, -1.5099581673894136e-07, -1.5707963705062866], [-3.1415927410125732, -1.5099581673894136e-07, -1.5707963705062866], [-3.1415927410125732, -1.5099581673894136e-07, -1.5707963705062866], [-3.1415927410125732, -1.5099581673894136e-07, -1.5707963705062866], [-3.1415927410125732, -1.5099581673894136e-07, -1.5707963705062866], [-3.1415927410125732, -1.5099581673894136e-07, -1.5707963705062866], [-3.1415927410125732, -1.5099581673894136e-07, -1.5707963705062866], [-3.1415927410125732, -1.5099581673894136e-07, -1.5707963705062866], [-3.1415927410125732, -1.5099581673894136e-07, -1.5707963705062866], [-3.1415927410125732, -1.5099581673894136e-07, -1.5707963705062866], [-3.1415927410125732, -1.5099581673894136e-07, -1.5707963705062866], [-3.1415927410125732, -1.5099581673894136e-07, -1.5707963705062866], [-3.1415927410125732, -1.5099581673894136e-07, -1.5707963705062866], [-3.1415927410125732, -1.5099581673894136e-07, -1.5707963705062866], [-3.1415927410125732, 8.742279078433057e-08, -1.5707963705062866]], "distractor_positions": [[1.0548092126846313, 0.6220728754997253, 0.6000000238418579], [0.3086246848106384, -0.02133006975054741, 0.6499999761581421], [0.10060548782348633, -0.45570269227027893, 0.6000000238418579]]}, "1": {"num_tip_velocities": 28, "start": 20, "end": 47, "tip_positions": [[0.8113717436790466, -0.05121900141239166, 1.86583411693573], [0.799485981464386, -0.040484219789505005, 1.8184685707092285], [0.7876002192497253, -0.029749436303973198, 1.771103024482727], [0.7757144570350647, -0.01901465281844139, 1.7237374782562256], [0.763828694820404, -0.008279869332909584, 1.6763719320297241], [0.7519429326057434, 0.002454914152622223, 1.6290063858032227], [0.7400571703910828, 0.01318969763815403, 1.5816408395767212], [0.7281714081764221, 0.023924481123685837, 1.5342752933502197], [0.7162855863571167, 0.03465926647186279, 1.4869097471237183], [0.704399824142456, 0.04539405182003975, 1.4395442008972168], [0.6925140023231506, 0.056128837168216705, 1.3921786546707153], [0.68062824010849, 0.06686361879110336, 1.3448131084442139], [0.6687424182891846, 0.07759840786457062, 1.2974475622177124], [0.6568565964698792, 0.08833319693803787, 1.250082015991211], [0.6449708342552185, 0.09906798601150513, 1.2027164697647095], [0.6330850124359131, 0.10980277508497238, 1.155350923538208], [0.6211992502212524, 0.12053756415843964, 1.1079853773117065], [0.609313428401947, 0.1312723457813263, 1.060619831085205], [0.5974276065826416, 0.14200712740421295, 1.0132542848587036], [0.585541844367981, 0.1527419239282608, 0.9658887386322021], [0.5736560225486755, 0.16347672045230865, 0.9185231924057007], [0.5617702603340149, 0.1742115169763565, 0.8711576461791992], [0.5498844385147095, 0.18494629859924316, 0.8237920999526978], [0.537998616695404, 0.19568109512329102, 0.7764265537261963], [0.5261128544807434, 0.20641589164733887, 0.7290610074996948], [0.514227032661438, 0.21715068817138672, 0.6816955208778381], [0.5023412704467773, 0.22788546979427338, 0.6343299746513367], [0.5, 0.23000000417232513, 0.625]], "crop_pixels": [[158, 220], [160, 226], [162, 231], [165, 236], [168, 241], [170, 246], [173, 251], [177, 256], [180, 260], [183, 264], [187, 268], [191, 272], [195, 276], [199, 279], [203, 283], [207, 286], [212, 289], [216, 291], [221, 293], [227, 295], [232, 296], [238, 297], [245, 297], [252, 295], [262, 291], [277, 281], [308, 252], [321, 239]],